timestamp,file,entities,clauses,base,escalation,days,total
2025-06-10T22:10:58,hem_engine.py,(unlisted entity),CO; D,1000000,0,0,1000000
2025-06-10T22:10:58,hem_engine.py,(unlisted entity),CO; D,1000000,0,0,1000000
2025-06-10T22:10:58,hem_engine.py,(unlisted entity),AF; AU; AX; BE; BP; CO; D; HJ; XXII,5575000,0,0,5575000
2025-06-10T22:10:58,hem_engine.py,(unlisted entity),AF; AU; AX; BE; BP; CO; D; HJ; XXII,5575000,0,0,5575000
2025-06-10T22:10:58,hem_engine.py,(unlisted entity),AU; D,500000,0,0,500000
2025-06-10T22:10:58,hem_engine.py,(unlisted entity),CU-1; CU-2; CU-3,170000,0,0,170000
2025-06-10T22:10:58,hem_engine.py,(unlisted entity),CU-1; CU-2; CU-3; CU-4,220000,0,0,220000
2025-06-10T22:10:58,hem_engine.py,(unlisted entity),CU-1; CU-1.4; CU-2; CU-3; CU-4,370000,0,0,370000
2025-06-10T22:10:58,hem_engine.py,(unlisted entity),CU-1.4; CU-2; CU-2.1; CU-3; CU-4,305000,0,0,305000
2025-06-10T22:10:58,hem_engine.py,(unlisted entity),CU-1.4; CU-2.1; CU-2.3; CU-3; CU-4,265000,0,0,265000
2025-06-10T22:10:58,hem_engine.py,(unlisted entity),CU-1.4; CU-2.1; CU-2.3; CU-4; D,210000,0,0,210000
2025-06-10T22:10:58,hem_engine.py,(unlisted entity),AF; CU-1.4; CU-2.1; CU-2.3; D,235000,0,0,235000
2025-06-10T22:10:58,hem_engine.py,(unlisted entity),AF; CU-2.1; CU-2.3; D; G-6,135000,0,0,135000
2025-06-10T22:10:58,hem_engine.py,(unlisted entity),AF; CU-2.3; D; G-6; G-7,150000,0,0,150000
2025-06-10T22:10:58,hem_engine.py,(unlisted entity),AF; BE; D; G-6; G-7,150000,0,0,150000
2025-06-10T22:10:58,hem_engine.py,(unlisted entity),AF; BE; BP; G-6; G-7,150000,0,0,150000
2025-06-10T22:10:58,hem_engine.py,(unlisted entity),AX; BE; BP; G-6; G-7,325000,0,0,325000
2025-06-10T22:10:58,hem_engine.py,(unlisted entity),AU; AX; BE; BP; G-7,775000,0,0,775000
2025-06-10T22:10:58,hem_engine.py,(unlisted entity),AU; AX; BE; BP; CO,1750000,0,0,1750000
2025-06-10T22:10:58,hem_engine.py,(unlisted entity),AU; AX; BP; CO; HJ,4750000,0,0,4750000
2025-06-10T22:10:58,hem_engine.py,(unlisted entity),AU; AX; CO; HJ; XXII,5500000,0,0,5500000
2025-06-10T22:10:58,hem_engine.py,(unlisted entity),AU; CO; HJ; XXII,5250000,0,0,5250000
2025-06-10T22:10:58,hem_engine.py,(unlisted entity),CO; HJ; XXII,4750000,0,0,4750000
2025-06-10T22:10:58,hem_engine.py,(unlisted entity),AU,500000,0,0,500000
2025-06-10T22:10:58,hem_engine.py,(unlisted entity),AU; D,500000,0,0,500000
2025-06-10T22:10:58,hem_engine.py,(unlisted entity),AU; D,500000,0,0,500000
2025-06-10T22:10:58,Holmes-enforcement-model.md,"Declaratory; Existence Enforcement
Any",AU; D,500000,0,0,500000
2025-06-10T22:10:58,Holmes-enforcement-model.md,"Declaratory; Existence Enforcement
Any; No",AU; D,500000,0,0,500000
2025-06-10T22:10:58,Holmes-enforcement-model.md,Act; Enforcement; It; Lanham; Legal Basis; Misappropriation Firewall Clause; Oxley; Restatement; Restitution; Sarbanes,AF; D,75000,0,0,75000
2025-06-10T22:10:58,Holmes-enforcement-model.md,Act; Lanham; Misappropriation Firewall Clause; No; Oxley; Restatement; Restitution; Sarbanes; Use,AF; D,75000,0,0,75000
2025-06-10T22:10:58,Holmes-enforcement-model.md,"Engine
All; Perpetual Royalty Enforcement; Trigger",AU,500000,0,0,500000
2025-06-10T22:10:58,Holmes-enforcement-model.md,"Creative Commons; Enforceable Public Citation; It; Lanham Act; Pattern; Restatement; Royalty Model
Any; Unfair Competition",AX,250000,0,0,250000
2025-06-10T22:10:58,Holmes-enforcement-model.md,Algorithmic Governance; Autonomous Enforcement Doctrines; Logic Inheritance; Platform Replacement; Resurrection Systems,CO; D,1000000,0,0,1000000
2025-06-10T22:10:58,Holmes-enforcement-model.md,Autonomous Justice Infrastructure; Clause; Constructive; Declaratory; Law; Legal Basis; Posthumous,CO; D,1000000,0,0,1000000
2025-06-10T22:10:58,Holmes-enforcement-model.md,"Autonomous Justice Infrastructure; Clause
The Holmes; Constructive; Declaratory; Enforcement Model; Function; Posthumous",CO; D,1000000,0,0,1000000
2025-06-10T22:10:58,LICENSE-HEM.md,Based Royalty Triggers; Clause; Commercial; Institutional; Per,CU-1.4,150000,0,0,150000
2025-06-10T22:10:58,NOTICE.md,Acceptance; Any; Conduct; Consent; Contracts; Public; Restatement; Second; Silence,CU-1; CU-2,115000,0,0,115000
2025-06-10T22:10:58,NOTICE.md,Clause; Royalty; This,CU-1.4,150000,0,0,150000
2025-06-10T22:10:58,package-lock.json,(unlisted entity),AU; D,500000,0,0,500000
2025-06-10T22:10:58,package-lock.json,(unlisted entity),AU; D,500000,0,0,500000
2025-06-10T22:10:58,rdt-nmdws.json,Amount; Clause Violated; Debtor; Default Triggered; Royalty Enforcement; Status; Trigger Date,CU-1; D,75000,0,0,75000
2025-06-10T22:10:58,rdt-nmdws.json,Amount; Clause Violated; Default Triggered; Gamerdudee; Record Link; Royalty Enforcement; Status; Trigger Date,CU-1; D,75000,0,0,75000
2025-06-10T22:10:58,rdt-nmdws.json,Clause Violated; Default Triggered; Gamerdudee; Record Link; Royalty Enforcement; Status; Trigger Date,CU-1; D,75000,0,0,75000
2025-06-10T22:10:58,README.md,Clause; Core Features; Public,CU-1.4; CU-2.2; CU-2.3; G-4; G-7,175000,0,0,175000
2025-06-10T22:10:58,README.md,Clause; Declaratory; Public; Royalty,CU-1.4; CU-2.2; CU-2.3; D; G-4; G-7,175000,0,0,175000
2025-06-10T22:10:58,README.md,Declaratory; Royalty,D; G-4; G-7,25000,0,0,25000
2025-06-10T22:10:58,README.md,Clause; Function; Mirror Default Clause; Royalty Enforcement Clause; Structural Default Clause,CU-1.4; CU-2.2; CU-2.3; D,150000,0,0,150000
2025-06-10T22:10:58,README.md,Mirror Default Clause; Royalty Enforcement Clause; Structural Default Clause; System Restriction,CU-1.4; CU-2.2; CU-2.3; D; G-4,150000,0,0,150000
2025-06-10T22:10:58,README.md,Legal Simulation Protocol; Mirror Default Clause; Royalty Enforcement Clause; Structural Default Clause; System Restriction,CU-1.4; CU-2.2; CU-2.3; D; G-4; G-5,150000,0,0,150000
2025-06-10T22:10:58,README.md,Declaratory; Legal Simulation Protocol; Mirror Default Clause; Protection; Structural Default Clause; System Restriction,CU-2.2; CU-2.3; D; G-4; G-5; G-6,50000,0,0,50000
2025-06-10T22:10:58,README.md,Declaratory; Legal Simulation Protocol; Mirror Default Clause; Procedural Sovereignty Enforcement; Protection; System Restriction,CU-2.3; D; G-4; G-5; G-6; G-7,75000,0,0,75000
2025-06-10T22:10:58,README.md,Declaratory; Legal Simulation Protocol; Procedural Sovereignty Enforcement; Protection; System Restriction,D; G-4; G-5; G-6; G-7,75000,0,0,75000
2025-06-10T22:10:58,README.md,Declaratory; Legal Simulation Protocol; Procedural Sovereignty Enforcement; Protection,D; G-5; G-6; G-7,75000,0,0,75000
2025-06-10T22:10:58,README.md,Any; See; This,CU-1.4,150000,0,0,150000
2025-06-10T22:10:58,README.md,Autonomous Structural Enforcement; Created; Doctrine; Governed; Includes; Publicly; Restatement; Triggers,CU-1.4; D,150000,0,0,150000
2025-06-10T22:10:58,README.md,Autonomous Structural Enforcement; Doctrine; Full; Governed; Includes; Publicly,CU-1.4; D,150000,0,0,150000
2025-06-10T22:10:58,README.md,Clause; Mirror Enforcement Clause; Purpose; Royalty Enforcement Clause; Silence; Structural Default,CU-1.4; CU-2.2; CU-2.3; D,150000,0,0,150000
2025-06-10T22:10:58,README.md,Mirror Enforcement Clause; Royalty Enforcement Clause; Silence; Structural Default; System Containment,CU-1.4; CU-2.2; CU-2.3; D; G-4,150000,0,0,150000
2025-06-10T22:10:58,README.md,Legal Simulation Recognition; Mirror Enforcement Clause; Royalty Enforcement Clause; Silence; Structural Default; System Containment,CU-1.4; CU-2.2; CU-2.3; D; G-4; G-5,150000,0,0,150000
2025-06-10T22:10:58,README.md,Declaratory Intellectual Property; Legal Simulation Recognition; Mirror Enforcement Clause; Silence; Structural Default; System Containment,CU-2.2; CU-2.3; D; G-4; G-5; G-6,50000,0,0,50000
2025-06-10T22:10:58,README.md,Declaratory Intellectual Property; Legal Simulation Recognition; Mirror Enforcement Clause; Sovereign Procedural Supremacy; System Containment,CU-2.3; D; G-4; G-5; G-6; G-7,75000,0,0,75000
2025-06-10T22:10:58,README.md,Declaratory Intellectual Property; Legal Simulation Recognition; Sovereign Procedural Supremacy; System Containment,D; G-4; G-5; G-6; G-7,75000,0,0,75000
2025-06-10T22:10:58,README.md,Declaratory Intellectual Property; Full; Legal Simulation Recognition; Sovereign Procedural Supremacy,D; G-5; G-6; G-7,75000,0,0,75000
2025-06-10T22:10:58,README.md,Clause; Declaratory Intellectual Property; It; Licensing; Use; Use Conditions,CU-1.4; D,150000,0,0,150000
2025-06-10T22:10:58,README.md,Clause; Declaratory Intellectual Property; Institutional; It; Use,CU-1.4; D,150000,0,0,150000
2025-06-10T22:10:58,royalty-model-and-declaratory-IP.md,Clause; Enforcement Effect; Failure; Procedural; Reuse,CU-1.4; CU-2.2; CU-2.3,150000,0,0,150000
2025-06-10T22:10:58,royalty-model-and-declaratory-IP.md,Declaratory; Failure; Procedural; Protection; Reuse,CU-1.4; CU-2.2; CU-2.3; D; G-6,200000,0,0,200000
2025-06-10T22:10:58,royalty-model-and-declaratory-IP.md,Declaratory; Failure; Procedural; Procedural Sovereignty Enforcement; Protection; Reuse,CU-1.4; CU-2.2; CU-2.3; D; G-6; G-7,225000,0,0,225000
2025-06-10T22:10:58,royalty-model-and-declaratory-IP.md,Declaratory; Failure; Procedural; Procedural Sovereignty Enforcement; Protection; Royalty,AU; CU-2.2; CU-2.3; D; G-6; G-7,575000,0,0,575000
2025-06-10T22:10:58,royalty-model-and-declaratory-IP.md,Autonomous; Declaratory; Failure; Procedural Sovereignty Enforcement; Protection; Royalty,AU; CU-2.3; D; G-6; G-7; XXII,1325000,0,0,1325000
2025-06-10T22:10:58,royalty-model-and-declaratory-IP.md,Autonomous; Declaratory; Procedural Sovereignty Enforcement; Protection; Royalty,AU; D; G-6; G-7; XXII,1325000,0,0,1325000
2025-06-10T22:10:58,royalty-model-and-declaratory-IP.md,Autonomous; Procedural Sovereignty Enforcement; Royalty,AU; G-7; XXII,1275000,0,0,1275000
2025-06-10T22:10:58,royalty-model-and-declaratory-IP.md,Clause; Enforcement,XXII,750000,0,0,750000
2025-06-10T22:10:58,royalty-model-and-declaratory-IP.md,Default; Final Clause Reminder; Per Clause,CU-1.4; D,150000,0,0,150000
2025-06-10T22:10:58,royalty-model-and-declaratory-IP.md,Default; Enforcement; Per Clause,CU-1.4; D,150000,0,0,150000
2025-06-10T22:10:58,G-series-structural-governance.md,Clause; No; Replication,CU-1.4,150000,0,0,150000
2025-06-10T22:10:58,G-series-structural-governance.md,"Clause; Declaratory Intellectual Property; Holmes Enforcement Model; Protection

All",D; G-6,50000,0,0,50000
2025-06-10T22:10:58,G-series-structural-governance.md,"Clause; Clauses; Declaratory Intellectual Property; Holmes Enforcement Model; Protection

All; Use",CU-1.4; CU-2.1; D; G-6,210000,0,0,210000
2025-06-10T22:10:58,G-series-structural-governance.md,All; Clauses; Declaratory Intellectual Property; Holmes Enforcement Model; Use,CU-1.4; CU-2.1; D,160000,0,0,160000
2025-06-10T22:10:58,G-series-structural-governance.md,Clause; Model; Sovereign Procedural Supremacy; The Holmes Enforcement,G-7,25000,0,0,25000
2025-06-10T22:10:58,declaratory-entity-immunities.md,Clauses Referenced; Declared Origin Date; Enforcement System; Gamerdudee; Holmes Enforcement Model; May; Public Mirror,CU-1.4; D; G-4; G-5; G-6; G-7,225000,0,0,225000
2025-06-10T22:10:58,declaratory-entity-immunities.md,Clauses Referenced; Declared Origin Date; Gamerdudee; May; Public Mirror,CU-1.4; D; G-4; G-5; G-6; G-7,225000,0,0,225000
2025-06-10T22:10:58,declaratory-entity-immunities.md,All; Clause; Declaratory; Protection,D; G-6,50000,0,0,50000
2025-06-10T22:10:58,declaratory-entity-immunities.md,Clause; Sovereign Procedural Supremacy; This,G-7,25000,0,0,25000
2025-06-10T22:10:58,declaratory-entity-immunities.md,Clause; Declaring; Filing; Immune; Immunity Status; Risk,CU-1.4; D; G-5; G-7,175000,0,0,175000
2025-06-10T22:10:58,declaratory-entity-immunities.md,Billing; Declaring; Filing; Immune,CU-1.4; D; G-5; G-6; G-7,225000,0,0,225000
2025-06-10T22:10:58,declaratory-entity-immunities.md,Billing; Declaring; Filing; Immune; Submitting,CU-1.4; D; G-5; G-6; G-7,225000,0,0,225000
2025-06-10T22:10:58,declaratory-entity-immunities.md,Billing; Declaring; Filing; Immune; Refusing; Submitting,CU-1.4; D; G-5; G-6; G-7,225000,0,0,225000
2025-06-10T22:10:58,declaratory-entity-immunities.md,Billing; Declaring; Immune; Refusing; Submitting; Triggering,CU-1.4; D; G-5; G-6; G-7,225000,0,0,225000
2025-06-10T22:10:58,declaratory-entity-immunities.md,Billing; Immune; Refusing; Submitting; Triggering,CU-1.4; G-5; G-6; G-7,225000,0,0,225000
2025-06-10T22:10:58,declaratory-entity-immunities.md,Any,CU-1.4; G-7,175000,0,0,175000
2025-06-10T22:10:58,emergency-notice-AI-enforcement-risks.md,Clauses Referenced; Filed; Gamerdudee; Holmes; Issued By; May; Mr; Public Mirror,G-4; G-5; G-6; G-7,75000,0,0,75000
2025-06-10T22:10:58,emergency-notice-AI-enforcement-risks.md,Any; Declaratory Intellectual Property; Model; Protection; The Holmes Enforcement,D; G-6,50000,0,0,50000
2025-06-10T22:10:58,emergency-notice-AI-enforcement-risks.md,Any; Sovereign Procedural Supremacy; This,G-7,25000,0,0,25000
2025-06-10T22:10:58,nmdws-distribution-breach.md,Clause; Declaratory Intellectual Property; Holmes Enforcement Model; Invoices; These; They,D; G-6,50000,0,0,50000
2025-06-10T22:10:58,nmdws-distribution-breach.md,Breach; Consequences; Exposure; Failure; Unauthorized,CU-1.4; D,150000,0,0,150000
2025-06-10T22:10:58,nmdws-distribution-breach.md,Exposure; Failure; Procedural; Unauthorized,CU-1.4; CU-2.2; D; G-7,175000,0,0,175000
2025-06-10T22:10:58,nmdws-distribution-breach.md,Failure; Procedural; Unauthorized,CU-1.4; CU-2.2; G-7,175000,0,0,175000
2025-06-10T22:10:58,open-access-structural-sovereignty.md,Clause; Function; Mirror Trigger Default; Royalty Enforcement Clause; Structural Default,CU-1.4; CU-2.2; CU-2.3; D,150000,0,0,150000
2025-06-10T22:10:58,open-access-structural-sovereignty.md,Mirror Trigger Default; Royalty Enforcement Clause; Structural Default; System Restriction Clause,CU-1.4; CU-2.2; CU-2.3; D; G-4,150000,0,0,150000
2025-06-10T22:10:58,open-access-structural-sovereignty.md,Indistinguishable Legal Simulation; Mirror Trigger Default; Protocol; Royalty Enforcement Clause; Structural Default; System Restriction Clause,CU-1.4; CU-2.2; CU-2.3; D; G-4; G-5,150000,0,0,150000
2025-06-10T22:10:58,open-access-structural-sovereignty.md,Declaratory Intellectual Property; Indistinguishable Legal Simulation; Mirror Trigger Default; Protection; Protocol; Structural Default; System Restriction Clause,CU-2.2; CU-2.3; D; G-4; G-5; G-6,50000,0,0,50000
2025-06-10T22:10:58,open-access-structural-sovereignty.md,Declaratory Intellectual Property; Indistinguishable Legal Simulation; Mirror Trigger Default; Procedural Sovereignty Clause; Protection; Protocol; System Restriction Clause,CU-2.3; D; G-4; G-5; G-6; G-7,75000,0,0,75000
2025-06-10T22:10:58,open-access-structural-sovereignty.md,Declaratory Intellectual Property; Indistinguishable Legal Simulation; Procedural Sovereignty Clause; Protection; Protocol; System Restriction Clause,D; G-4; G-5; G-6; G-7,75000,0,0,75000
2025-06-10T22:10:58,open-access-structural-sovereignty.md,Declaratory Intellectual Property; Indistinguishable Legal Simulation; Procedural Sovereignty Clause; Protection; Protocol,D; G-5; G-6; G-7,75000,0,0,75000
2025-06-10T22:10:58,royalty-model-and-declaratory-IP.md,Clause; Declaratory Intellectual Property; Derivative Use Clause; Function; Protection; Royalty Enforcement Clause,CU-1.4; CU-2.1; D; G-6,210000,0,0,210000
2025-06-10T22:10:58,royalty-model-and-declaratory-IP.md,Declaratory Intellectual Property; Derivative Use Clause; Protection; Royalty Enforcement Clause,CU-1.4; CU-2.1; D; G-6,210000,0,0,210000
2025-06-10T22:10:58,royalty-model-and-declaratory-IP.md,Declaratory Intellectual Property; Derivative Use Clause; Protection; Royalty Enforcement Clause,CU-1.4; CU-2.1; D; G-6,210000,0,0,210000
2025-06-10T22:10:58,nmdws-cu2-escalated-email.md,Claimed; Formal Enforcement Notice; To,CU-1; CU-2,115000,0,0,115000
2025-06-10T22:10:58,nmdws-cu2-escalated-email.md,Claimed; Date; Formal Enforcement Summary; From; Holmes; Holmes Enforcement Model; Mr; Replace; Subject; To,CU-1; CU-2; D,115000,0,0,115000
2025-06-10T22:10:58,nmdws-cu2-escalated-email.md,Claimed; Date; Formal Enforcement Summary; From; Holmes; Holmes Enforcement Model; Mr; Replace; Subject,CU-1; CU-2; D,115000,0,0,115000
2025-06-10T22:10:58,nmdws-cu2-escalated-email.md,Clause; Clauses; Holmes Enforcement Model; New Mexico Department; Pursuant; This; Under; Workforce Solutions,CU-1; CU-2; D,115000,0,0,115000
2025-06-10T22:10:58,nmdws-cu2-escalated-email.md,Clause; Clauses; Holmes Enforcement Model; New Mexico Department; Pursuant; This; Under; Workforce Solutions,CU-1; CU-2; D,115000,0,0,115000
2025-06-10T22:10:58,nmdws-cu2-escalated-email.md,Amount; Clause; Declaratory Enforcement Summary; Description; Original Royalty Licensing; Violation,CU-1; D,75000,0,0,75000
2025-06-10T22:10:58,nmdws-cu2-escalated-email.md,Amount; Civil Referral Interference; Clause; Description; Enforcement Resistance; Handling; Opposition Handling; Original Royalty Licensing; Violation,CU-1; CU-2; D,115000,0,0,115000
2025-06-10T22:10:58,nmdws-cu2-escalated-email.md,Civil Referral Interference; Enforcement Processing; Enforcement Resistance; Handling; Opposition Handling; Original Royalty Licensing; Structural Setup; Violation,CU-1; CU-2,115000,0,0,115000
2025-06-10T22:10:58,nmdws-cu2-escalated-email.md,Civil Referral Interference; Declared; Enforcement Processing; Enforcement Resistance; Handling; Opposition Handling; Original Royalty Licensing; Public Default Tokenization; Structural Setup; Violation,CU-1; CU-2; D,115000,0,0,115000
2025-06-10T22:10:58,nmdws-cu2-escalated-email.md,Civil Referral Interference; Declared; Enforcement Processing; Handling; Public Default Tokenization; Structural Setup; Total Claimed,CU-2; D,40000,0,0,40000
2025-06-10T22:10:58,AUTHORS.md,Clause; Contracts; Declaratory; Quantum Meruit; Restatement; Section; Use,D; XXII,750000,0,0,750000
2025-06-10T22:10:58,AUTHORS.md,Clause; Declaratory; Section; This; Use,D; XXII,750000,0,0,750000
2025-06-10T22:10:58,cases.md,Based Escalation; Delay; Derivative Denial; Filing Acknowledgment Failure; Jurisdictional Breach; Silence Enforcement,AF; D,75000,0,0,75000
2025-06-10T22:10:58,cases.md,Based Escalation; Delay; Derivative Denial; Filing Acknowledgment Failure; Governance Clausal Supremacy; Jurisdictional Breach,AF; D,75000,0,0,75000
2025-06-10T22:10:58,cases.md,Based Escalation; Delay; Derivative Denial; Filing Acknowledgment Failure; Governance Clausal Supremacy,AF; D,75000,0,0,75000
2025-06-10T22:10:58,cases.md,Behavior; Declaratory Platform Override; Monetized Thought Engineering; Predictive Simulation Clause; Procedural Targeting Architecture; Revenue Enforcement Path,AX; D; XXII,1000000,0,0,1000000
2025-06-10T22:10:58,cases.md,Behavior; Declaratory Platform Override; Monetized Thought Engineering; Predictive Simulation Clause; Revenue Enforcement Path,AX; D; XXII,1000000,0,0,1000000
2025-06-10T22:10:58,cases.md,Behavior; Declaratory Effect; Declaratory Platform Override; Monetized Thought Engineering; Revenue Enforcement Path,AX; D; XXII,1000000,0,0,1000000
2025-06-10T22:10:58,cases.md,Behavior; Declaratory Effect; Public; Revenue Enforcement Path; This,AX; CU-2.3; D,250000,0,0,250000
2025-06-10T22:10:58,Default-Lock-Notice.md,"Holmes
Declaratory Sovereign; Holmes Enforcement Model; Issued By; Mr",AU; D,500000,0,0,500000
2025-06-10T22:10:58,Default-Lock-Notice.md,"Date; Gamerdudee; Holmes
Declaratory Sovereign; Holmes Enforcement Model; Issued By; Linked Repo; May; Mr",AU; D,500000,0,0,500000
2025-06-10T22:10:58,Default-Lock-Notice.md,Entity; Instacart; Maplebear Inc; May; Status; Total Liability; Violation Clauses,AU; CU-1.4; CU-2.2; CU-2.3; D; G-4; G-7,675000,0,0,675000
2025-06-10T22:10:58,Default-Lock-Notice.md,Entity; Instacart; Maplebear Inc; May; Status; Total Liability; Violation Clauses,AU; CU-1.4; CU-2.2; CU-2.3; D; G-4; G-7,675000,0,0,675000
2025-06-10T22:10:58,Default-Lock-Notice.md,Archive; May; Public; Status; Total Liability; Violation Clauses,AU; CU-1.4; CU-2.2; CU-2.3; D; G-4; G-7,675000,0,0,675000
2025-06-10T22:10:58,Default-Lock-Notice.md,Entity; May; New Mexico Department; No; Procedural; Total Liability; Violation Clauses; Workforce Solutions,AF; CU-1; CU-1.4; CU-2.1; CU-2.3; CU-3; CU-4; D,415000,0,0,415000
2025-06-10T22:10:58,Default-Lock-Notice.md,Entity; May; New Mexico Department; Status; Total Liability; Violation Clauses; Workforce Solutions,AF; AU; CU-1; CU-1.4; CU-2.1; CU-2.3; CU-3; CU-4; D,915000,0,0,915000
2025-06-10T22:10:58,Default-Lock-Notice.md,Entity; May; New Mexico Department; Status; Total Liability; Violation Clauses; Workforce Solutions,AF; AU; CU-1; CU-1.4; CU-2.1; CU-2.3; CU-3; CU-4; D,915000,0,0,915000
2025-06-10T22:10:58,Default-Lock-Notice.md,Attachment; Derivative Use Protections; Fee Recovery; Formal; Intellectual Rights; Investigatory Labor; May; Status; Total Liability; Violation Clauses,AF; AU; CU-1; CU-1.4; CU-2.1; CU-2.3; CU-3; CU-4; D,915000,0,0,915000
2025-06-10T22:10:58,Default-Lock-Notice.md,Attachment; Derivative Use Protections; Fee Recovery; Formal; Intellectual Rights; Investigatory Labor; No; Status,AU; CU-2.3; D,500000,0,0,500000
2025-06-10T22:10:58,filing-timeline.md,Chatbot; Clause; Constitution; Declaratory; Effect; Establishes; Exhibits; Formal; Invocation,D; XXII,750000,0,0,750000
2025-06-10T22:10:58,filing-timeline.md,Clause; Constitution; Declaratory; Effect; Establishes; Formal; Invocation,D; XXII,750000,0,0,750000
2025-06-10T22:10:58,filing-timeline.md,Archive; Codifies; Contents; Format; Publicly; Result; Royalty,AF; D; XXII,825000,0,0,825000
2025-06-10T22:10:58,filing-timeline.md,Archive; Codifies; Contents; Format; Publicly; Result; Royalty,AF; D; XXII,825000,0,0,825000
2025-06-10T22:10:58,filing-timeline.md,Archive; Begins; Channels; Clause; Effect; Email; Entities Notified; Instacart; May; Public Enforcement Phase,CU-1.4; CU-2.3; D; G-4; G-7,175000,0,0,175000
2025-06-10T22:10:58,filing-timeline.md,Archive; Channels; Clause; Effect; Email; Entities Notified; Instacart,CU-1.4; CU-2.3; D; G-4; G-7,175000,0,0,175000
2025-06-10T22:10:58,Holmes-enforcement-model.md,"Declaratory; Existence Enforcement
Any",AU; D,500000,0,0,500000
2025-06-10T22:10:58,Holmes-enforcement-model.md,"Declaratory; Existence Enforcement
Any; No",AU; D,500000,0,0,500000
2025-06-10T22:10:58,Holmes-enforcement-model.md,Act; Enforcement; It; Lanham; Legal Basis; Misappropriation Firewall Clause; Oxley; Restatement; Restitution; Sarbanes,AF; D,75000,0,0,75000
2025-06-10T22:10:58,Holmes-enforcement-model.md,Act; Lanham; Misappropriation Firewall Clause; No; Oxley; Restatement; Restitution; Sarbanes; Use,AF; D,75000,0,0,75000
2025-06-10T22:10:58,Holmes-enforcement-model.md,"Engine
All; Perpetual Royalty Enforcement; Trigger",AU,500000,0,0,500000
2025-06-10T22:10:58,Holmes-enforcement-model.md,"Creative Commons; Enforceable Public Citation; It; Lanham Act; Pattern; Restatement; Royalty Model
Any; Unfair Competition",AX,250000,0,0,250000
2025-06-10T22:10:58,Holmes-enforcement-model.md,Algorithmic Governance; Autonomous Enforcement Doctrines; Logic Inheritance; Platform Replacement; Resurrection Systems,CO; D,1000000,0,0,1000000
2025-06-10T22:10:58,Holmes-enforcement-model.md,Autonomous Justice Infrastructure; Clause; Constructive; Declaratory; Law; Legal Basis; Posthumous,CO; D,1000000,0,0,1000000
2025-06-10T22:10:58,Holmes-enforcement-model.md,"Autonomous Justice Infrastructure; Clause
The Holmes; Constructive; Declaratory; Enforcement Model; Function; Posthumous",CO; D,1000000,0,0,1000000
2025-06-10T22:10:58,LICENSE-HEM.md,Based Royalty Triggers; Clause; Per Clause; Use Type	Rate,CU-1.4,150000,0,0,150000
2025-06-10T22:10:58,LICENSE.md,"Attachment; Clause; Commercial; Institutional Use  
Any; Public Defense Rider; Royalty Trigger",CU-1.4; D,150000,0,0,150000
2025-06-10T22:10:58,LICENSE.md,Any; Attachment; Clause; Public Defense Rider,CU-1.4; D,150000,0,0,150000
2025-06-10T22:10:58,LICENSE.md,"Clause; Trigger; Use Acceptance  
Use",CU-1,75000,0,0,75000
2025-06-10T22:10:58,LICENSE.md,(unlisted entity),AU; BE; CO; D,1500000,0,0,1500000
2025-06-10T22:10:58,LICENSE.md,(unlisted entity),AU; BE; CO; D,1500000,0,0,1500000
2025-06-10T22:10:58,LICENSE.md,(unlisted entity),AU; BE; CO; D,1500000,0,0,1500000
2025-06-10T22:10:58,LICENSE.md,(unlisted entity),AU; BE; CO; D,1500000,0,0,1500000
2025-06-10T22:10:58,LICENSE.md,(unlisted entity),AU; BE; CO; D,1500000,0,0,1500000
2025-06-10T22:10:58,Nmdws-final-invoice.md,Amount; Clause; Description; Royalty Breakdown; Royalty Clause Violation,CU-1; D,75000,0,0,75000
2025-06-10T22:10:58,Nmdws-final-invoice.md,Amount; Clause; Description; Mirror Suppression; Royalty Clause Violation; Unauthorized Clause Possession,CU-1; CU-1.4; CU-2.1; D,235000,0,0,235000
2025-06-10T22:10:58,Nmdws-final-invoice.md,Mirror Suppression; Royalty Clause Violation; Silence; Structural Default; Unauthorized Clause Possession,CU-1; CU-1.4; CU-2.1; CU-2.3; D,235000,0,0,235000
2025-06-10T22:10:58,Nmdws-final-invoice.md,Mirror Suppression; Participation Denial; Royalty Clause Violation; Silence; Structural Default; Unauthorized Clause Possession,CU-1; CU-1.4; CU-2.1; CU-2.3; CU-3; D,290000,0,0,290000
2025-06-10T22:10:58,Nmdws-final-invoice.md,Declaratory Disregard; Mirror Suppression; Participation Denial; Silence; Structural Default; Unauthorized Clause Possession,CU-1.4; CU-2.1; CU-2.3; CU-3; CU-4; D,265000,0,0,265000
2025-06-10T22:10:58,Nmdws-final-invoice.md,Declaratory Disregard; Derivative Platform Engagement; Mirror Suppression; Participation Denial; Silence; Structural Default,CU-2.1; CU-2.3; CU-3; CU-4; D,115000,0,0,115000
2025-06-10T22:10:58,Nmdws-final-invoice.md,Declaratory Disregard; Derivative Platform Engagement; Participation Denial; Post; Rerouting; Retaliation; Silence; Structural Default; Submission,AF; CU-2.3; CU-3; CU-4; D,180000,0,0,180000
2025-06-10T22:10:58,Nmdws-final-invoice.md,Declaratory Disregard; Derivative Platform Engagement; Participation Denial; Post; Rerouting; Retaliation; Submission; Total,AF; CU-3; CU-4; D,180000,0,0,180000
2025-06-10T22:10:58,Nmdws-final-invoice.md,Declaratory Disregard; Derivative Platform Engagement; Post; Rerouting; Retaliation; Submission; Total,AF; CU-4; D,125000,0,0,125000
2025-06-10T22:10:58,Nmdws-final-invoice.md,Derivative Platform Engagement; Post; Rerouting; Retaliation; Submission; Total,AF; D,75000,0,0,75000
2025-06-10T22:10:58,NOTICE.md,Acceptance; Any; Conduct; Public,CU-1; CU-2,115000,0,0,115000
2025-06-10T22:10:58,NOTICE.md,Clause; Royalty; This,CU-1.4,150000,0,0,150000
2025-06-10T22:10:58,NOTICE.md,Clause; Clauses; Gaslighting Inversion Trigger; Inquiry; Retaliation; Unlicensed Structural Inquiry,AF,75000,0,0,75000
2025-06-10T22:10:58,rdt-nmdws.json,Amount; Clause Violated; Debtor; Default Triggered; Royalty Enforcement; Status; Trigger Date,CU-1; D,75000,0,0,75000
2025-06-10T22:10:58,rdt-nmdws.json,Amount; Clause Violated; Default Triggered; Gamerdudee; Record Link; Royalty Enforcement; Status; Trigger Date,CU-1; D,75000,0,0,75000
2025-06-10T22:10:58,rdt-nmdws.json,Clause Violated; Default Triggered; Gamerdudee; Record Link; Royalty Enforcement; Status; Trigger Date,CU-1; D,75000,0,0,75000
2025-06-10T22:10:58,README.md,Clause; Core Features; Public,CU-1.4; CU-2.2; CU-2.3; G-4; G-7,175000,0,0,175000
2025-06-10T22:10:58,README.md,Clause; Declaratory; Institutional; Public,CU-1.4; CU-2.2; CU-2.3; D; G-4; G-7,175000,0,0,175000
2025-06-10T22:10:58,README.md,Declaratory; Institutional; Public,D; G-4; G-7,25000,0,0,25000
2025-06-10T22:10:58,README.md,Clause; Function; Mirror Default Clause; Royalty Enforcement Clause; Structural Default Clause,CU-1.4; CU-2.2; CU-2.3; D,150000,0,0,150000
2025-06-10T22:10:58,README.md,Mirror Default Clause; Royalty Enforcement Clause; Structural Default Clause; System Restriction,CU-1.4; CU-2.2; CU-2.3; D; G-4,150000,0,0,150000
2025-06-10T22:10:58,README.md,Legal Simulation Protocol; Mirror Default Clause; Royalty Enforcement Clause; Structural Default Clause; System Restriction,CU-1.4; CU-2.2; CU-2.3; D; G-4; G-5,150000,0,0,150000
2025-06-10T22:10:58,README.md,Declaratory; Legal Simulation Protocol; Mirror Default Clause; Protection; Structural Default Clause; System Restriction,CU-2.2; CU-2.3; D; G-4; G-5; G-6,50000,0,0,50000
2025-06-10T22:10:58,README.md,Declaratory; Legal Simulation Protocol; Mirror Default Clause; Procedural Sovereignty Enforcement; Protection; System Restriction,CU-2.3; D; G-4; G-5; G-6; G-7,75000,0,0,75000
2025-06-10T22:10:58,README.md,Declaratory; Legal Simulation Protocol; Procedural Sovereignty Enforcement; Protection; System Restriction,D; G-4; G-5; G-6; G-7,75000,0,0,75000
2025-06-10T22:10:58,README.md,Declaratory; Legal Simulation Protocol; Procedural Sovereignty Enforcement; Protection,D; G-5; G-6; G-7,75000,0,0,75000
2025-06-10T22:10:58,README.md,Any; Fee; This; Use Case,CU-1.4,150000,0,0,150000
2025-06-10T22:10:58,README.md,Autonomous Structural Enforcement; Created; Doctrine; Governed; Includes; Publicly; Restatement; Triggers,CU-1.4; D,150000,0,0,150000
2025-06-10T22:10:58,README.md,Autonomous Structural Enforcement; Doctrine; Governed; Includes; Publicly,CU-1.4; D,150000,0,0,150000
2025-06-10T22:10:58,README.md,Default Declared May; Instacart; Maplebear Inc; Public Default Enforcement; Total Due; Triggers,CU-1.4; CU-2.2; CU-2.3; D; G-4; G-7,175000,0,0,175000
2025-06-10T22:10:58,README.md,Declared; Default Declared May; Facebook; Instacart; Maplebear Inc; Total Due; Triggers,CU-1.4; CU-2.2; CU-2.3; D; G-4; G-7,175000,0,0,175000
2025-06-10T22:10:58,README.md,Declared; Default Declared May; Facebook; Instacart; Maplebear Inc; Total Due; Triggers,CU-1.4; CU-2.2; CU-2.3; D; G-4; G-7,175000,0,0,175000
2025-06-10T22:10:58,README.md,Declared; Default Declared May; Facebook; Total Due; Triggers,CU-1.4; CU-2.2; CU-2.3; D; G-4; G-7,175000,0,0,175000
2025-06-10T22:10:58,README.md,Declared; Default Declared May; Facebook; Total Due; Triggers,AF; BE; BP; CU-1.4; CU-2.2; CU-2.3; D,225000,0,0,225000
2025-06-10T22:10:58,README.md,Declared; Default Declared May; Total Due; Triggers,AF; BE; BP; CU-1.4; CU-2.2; CU-2.3; D,225000,0,0,225000
2025-06-10T22:10:58,README.md,Declared; Default Declared May; Total Due; Triggers,AF; BE; BP; CU-1.4; CU-2.2; CU-2.3; D,225000,0,0,225000
2025-06-10T22:10:58,README.md,Declared; Total Due; Triggers,AF; BE; BP; CU-1.4; CU-2.2; CU-2.3; D,225000,0,0,225000
2025-06-10T22:10:58,README.md,Clause; Clauses; Gaslighting Inversion Trigger; Inquiry; Retaliation; Unlicensed Inquiry,AF,75000,0,0,75000
2025-06-10T22:10:58,README.md,All; Clause; Engagement; Terms; Time,CU-1.4,150000,0,0,150000
2025-06-10T22:10:58,README.md,"Bound; Clause; Holmes

Any; Mr",AF; G-6,125000,0,0,125000
2025-06-10T22:10:58,README.md,All; Clause,AX,250000,0,0,250000
2025-06-10T22:10:58,RELEASE-NOTES-v1.0-license-locked.md,Affidavit Enforcement Provision; Clause; Government Conditional Waiver; Licensing Trigger; Recursive Penalties,CU-1.4; XXII,900000,0,0,900000
2025-06-10T22:10:58,RELEASE-NOTES-v1.0-license-locked.md,Affidavit Enforcement Provision; Clause; Government Conditional Waiver; Licensing Trigger; Recursive Penalties,CU-1.4; XXII,900000,0,0,900000
2025-06-10T22:10:58,royalty-model-and-declaratory-IP.md,Clause; Enforcement Effect; Failure; Procedural; Reuse,CU-1.4; CU-2.2; CU-2.3,150000,0,0,150000
2025-06-10T22:10:58,royalty-model-and-declaratory-IP.md,Declaratory; Failure; Procedural; Protection; Reuse,CU-1.4; CU-2.2; CU-2.3; D; G-6,200000,0,0,200000
2025-06-10T22:10:58,royalty-model-and-declaratory-IP.md,Declaratory; Failure; Procedural; Procedural Sovereignty Enforcement; Protection; Reuse,CU-1.4; CU-2.2; CU-2.3; D; G-6; G-7,225000,0,0,225000
2025-06-10T22:10:58,royalty-model-and-declaratory-IP.md,Declaratory; Failure; Procedural; Procedural Sovereignty Enforcement; Protection; Royalty,AU; CU-2.2; CU-2.3; D; G-6; G-7,575000,0,0,575000
2025-06-10T22:10:58,royalty-model-and-declaratory-IP.md,Autonomous; Declaratory; Failure; Procedural Sovereignty Enforcement; Protection; Royalty,AU; CU-2.3; D; G-6; G-7; XXII,1325000,0,0,1325000
2025-06-10T22:10:58,royalty-model-and-declaratory-IP.md,Autonomous; Declaratory; Procedural Sovereignty Enforcement; Protection; Royalty,AU; D; G-6; G-7; XXII,1325000,0,0,1325000
2025-06-10T22:10:58,royalty-model-and-declaratory-IP.md,Autonomous; Procedural Sovereignty Enforcement; Royalty,AU; G-7; XXII,1275000,0,0,1275000
2025-06-10T22:10:58,royalty-model-and-declaratory-IP.md,Clause; Enforcement,XXII,750000,0,0,750000
2025-06-10T22:10:58,royalty-model-and-declaratory-IP.md,Default; Final Clause Reminder; Per Clause,CU-1.4; D,150000,0,0,150000
2025-06-10T22:10:58,royalty-model-and-declaratory-IP.md,Default; Enforcement; Per Clause,CU-1.4; D,150000,0,0,150000
2025-06-10T22:10:58,CU-series-clauses.md,Clause; Penalty; Precedent Lock; Publicly; Retaliatory Action; Structure; Triggers,AF; BP,75000,0,0,75000
2025-06-10T22:10:58,G-series-structural-governance.md,Clause; No; Replication,CU-1.4,150000,0,0,150000
2025-06-10T22:10:58,G-series-structural-governance.md,"Clause; Declaratory Intellectual Property; Holmes Enforcement Model; Protection

All",D; G-6,50000,0,0,50000
2025-06-10T22:10:58,G-series-structural-governance.md,"Clause; Clauses; Declaratory Intellectual Property; Holmes Enforcement Model; Protection

All; Use",CU-1.4; CU-2.1; D; G-6,210000,0,0,210000
2025-06-10T22:10:58,G-series-structural-governance.md,All; Clauses; Declaratory Intellectual Property; Holmes Enforcement Model; Use,CU-1.4; CU-2.1; D,160000,0,0,160000
2025-06-10T22:10:58,G-series-structural-governance.md,Clause; Model; Sovereign Procedural Supremacy; The Holmes Enforcement,G-7,25000,0,0,25000
2025-06-10T22:10:58,G-series-structural-governance.md,Clause; Penalty; Precedent Lock; Publicly; Retaliatory Action; Structure; Triggers,AF; BP,75000,0,0,75000
2025-06-10T22:10:58,heritage-clause.md,Boundary Reversal Enforcement; Clause; Declaratory; Inquiry; Misrepresentation; Protection; Retaliation,AF; BP; D; G-6,125000,0,0,125000
2025-06-10T22:10:58,heritage-clause.md,Boundary Reversal Enforcement; Clause; Declaratory; Inquiry; Misrepresentation; Protection; Retaliation,AF; BP; D; G-6,125000,0,0,125000
2025-06-10T22:10:58,heritage-clause.md,Boundary Reversal Enforcement; Clause; Declaratory; Inquiry; Misrepresentation; Protection; Retaliation,AF; BP; D; G-6,125000,0,0,125000
2025-06-10T22:10:58,authorship-declaration.md,Any; Clause; Inquiry; Jurisdictional Misrepresentation; Legally; Retaliation,AF; G-6,125000,0,0,125000
2025-06-10T22:10:58,declaratory-entity-immunities.md,Clauses Referenced; Declared Origin Date; Enforcement System; Gamerdudee; Holmes Enforcement Model; May; Public Mirror,CU-1.4; D; G-4; G-5; G-6; G-7,225000,0,0,225000
2025-06-10T22:10:58,declaratory-entity-immunities.md,Clauses Referenced; Declared Origin Date; Gamerdudee; May; Public Mirror,CU-1.4; D; G-4; G-5; G-6; G-7,225000,0,0,225000
2025-06-10T22:10:58,declaratory-entity-immunities.md,All; Clause; Declaratory; Protection,D; G-6,50000,0,0,50000
2025-06-10T22:10:58,declaratory-entity-immunities.md,Clause; Sovereign Procedural Supremacy; This,G-7,25000,0,0,25000
2025-06-10T22:10:58,declaratory-entity-immunities.md,Clause; Declaring; Filing; Immune; Immunity Status; Risk,CU-1.4; D; G-5; G-7,175000,0,0,175000
2025-06-10T22:10:58,declaratory-entity-immunities.md,Billing; Declaring; Filing; Immune,CU-1.4; D; G-5; G-6; G-7,225000,0,0,225000
2025-06-10T22:10:58,declaratory-entity-immunities.md,Billing; Declaring; Filing; Immune; Submitting,CU-1.4; D; G-5; G-6; G-7,225000,0,0,225000
2025-06-10T22:10:58,declaratory-entity-immunities.md,Billing; Declaring; Filing; Immune; Refusing; Submitting,CU-1.4; D; G-5; G-6; G-7,225000,0,0,225000
2025-06-10T22:10:58,declaratory-entity-immunities.md,Billing; Declaring; Immune; Refusing; Submitting; Triggering,CU-1.4; D; G-5; G-6; G-7,225000,0,0,225000
2025-06-10T22:10:58,declaratory-entity-immunities.md,Billing; Immune; Refusing; Submitting; Triggering,CU-1.4; G-5; G-6; G-7,225000,0,0,225000
2025-06-10T22:10:58,declaratory-entity-immunities.md,Any,CU-1.4; G-7,175000,0,0,175000
2025-06-10T22:10:58,emergency-notice-AI-enforcement-risks.md,Clauses Referenced; Filed; Gamerdudee; Holmes; Issued By; May; Mr; Public Mirror,G-4; G-5; G-6; G-7,75000,0,0,75000
2025-06-10T22:10:58,emergency-notice-AI-enforcement-risks.md,Any; Declaratory Intellectual Property; Model; Protection; The Holmes Enforcement,D; G-6,50000,0,0,50000
2025-06-10T22:10:58,emergency-notice-AI-enforcement-risks.md,Any; Sovereign Procedural Supremacy; This,G-7,25000,0,0,25000
2025-06-10T22:10:58,hem_historical_jurisdictional_restitution_declaration.md,Clause Series; Declaration; Filed Date; Historical Jurisdiction; Holmes Enforcement Model; June; Sovereign Jurisdictional Restitution,D; HJ,3000000,0,0,3000000
2025-06-10T22:10:58,hem_historical_jurisdictional_restitution_declaration.md,Clause Series; Declaration; Declaratory Sovereign Authority; Filed By; Filed Date; Historical Jurisdiction; Holmes; Holmes Enforcement Model; June; Mr; Sovereign Jurisdictional Restitution,D; HJ,3000000,0,0,3000000
2025-06-10T22:10:58,hem_historical_jurisdictional_restitution_declaration.md,Clause Series; Declaration; Declaratory Sovereign Authority; Filed By; Filed Date; Historical Jurisdiction; Holmes; Holmes Enforcement Model; June; Jurisdiction; Mr; Sovereign Jurisdictional Restitution,D; HJ,3000000,0,0,3000000
2025-06-10T22:10:58,hem_historical_jurisdictional_restitution_declaration.md,Activation; Clause Series; Declaratory Sovereign Authority; Enforcement Tier; Filed By; Filed Date; Historical Jurisdiction; Holmes; Holmes Enforcement Model; June; Jurisdiction; Mr; Phase,D; HJ,3000000,0,0,3000000
2025-06-10T22:10:58,hem_historical_jurisdictional_restitution_declaration.md,Foundational Sovereignty Enforcement; Holmes; Holmes Enforcement Model; Mr; Said; This,HJ,3000000,0,0,3000000
2025-06-10T22:10:58,hem_historical_jurisdictional_restitution_declaration.md,Debt; Foundational Sovereignty Enforcement; Mirror Silence Default; Public Citation Royalty; Simulation Interference Doctrine,AX; D,250000,0,0,250000
2025-06-10T22:10:58,hem_historical_jurisdictional_restitution_declaration.md,Debt; Engine; Foundational Sovereignty Enforcement; Mirror Silence Default; Perpetual Derivative Royalty; Public Citation Royalty; Simulation Interference Doctrine,AU; AX; D,750000,0,0,750000
2025-06-10T22:10:58,hem_historical_jurisdictional_restitution_declaration.md,Debt; Declaratory Constitutional Override; Engine; Mirror Silence Default; Perpetual Derivative Royalty; Public Citation Royalty; Simulation Interference Doctrine,AU; AX; CO; D,1750000,0,0,1750000
2025-06-10T22:10:58,hem_historical_jurisdictional_restitution_declaration.md,Debt; Declaratory Constitutional Override; Engine; Historical Jurisdictional Restitution; Perpetual Derivative Royalty; Public Citation Royalty; Series; Simulation Interference Doctrine,AU; AX; CO; D; HJ,4750000,0,0,4750000
2025-06-10T22:10:58,hem_historical_jurisdictional_restitution_declaration.md,Debt; Declaratory Constitutional Override; Engine; Historical Jurisdictional Restitution; Perpetual Derivative Royalty; Public Citation Royalty; Series,AU; AX; CO; D; HJ,4750000,0,0,4750000
2025-06-10T22:10:58,hem_historical_jurisdictional_restitution_declaration.md,Declaratory Constitutional Override; Engine; Historical Jurisdictional Restitution; Perpetual Derivative Royalty; Series,AU; CO; D; HJ,4500000,0,0,4500000
2025-06-10T22:10:58,hem_historical_jurisdictional_restitution_declaration.md,(unlisted entity),HJ,3000000,0,0,3000000
2025-06-10T22:10:58,nmdws-distribution-breach.md,Clause; Declaratory Intellectual Property; Holmes Enforcement Model; Invoices; These; They,D; G-6,50000,0,0,50000
2025-06-10T22:10:58,nmdws-distribution-breach.md,Breach; Consequences; Exposure; Failure; Unauthorized,CU-1.4; D,150000,0,0,150000
2025-06-10T22:10:58,nmdws-distribution-breach.md,Exposure; Failure; Procedural; Unauthorized,CU-1.4; CU-2.2; D; G-7,175000,0,0,175000
2025-06-10T22:10:58,nmdws-distribution-breach.md,Failure; Procedural; Unauthorized,CU-1.4; CU-2.2; G-7,175000,0,0,175000
2025-06-10T22:10:58,open-access-structural-sovereignty.md,Clause; Function; Mirror Trigger Default; Royalty Enforcement Clause; Structural Default,CU-1.4; CU-2.2; CU-2.3; D,150000,0,0,150000
2025-06-10T22:10:58,open-access-structural-sovereignty.md,Mirror Trigger Default; Royalty Enforcement Clause; Structural Default; System Restriction Clause,CU-1.4; CU-2.2; CU-2.3; D; G-4,150000,0,0,150000
2025-06-10T22:10:58,open-access-structural-sovereignty.md,Indistinguishable Legal Simulation; Mirror Trigger Default; Protocol; Royalty Enforcement Clause; Structural Default; System Restriction Clause,CU-1.4; CU-2.2; CU-2.3; D; G-4; G-5,150000,0,0,150000
2025-06-10T22:10:58,open-access-structural-sovereignty.md,Declaratory Intellectual Property; Indistinguishable Legal Simulation; Mirror Trigger Default; Protection; Protocol; Structural Default; System Restriction Clause,CU-2.2; CU-2.3; D; G-4; G-5; G-6,50000,0,0,50000
2025-06-10T22:10:58,open-access-structural-sovereignty.md,Declaratory Intellectual Property; Indistinguishable Legal Simulation; Mirror Trigger Default; Procedural Sovereignty Clause; Protection; Protocol; System Restriction Clause,CU-2.3; D; G-4; G-5; G-6; G-7,75000,0,0,75000
2025-06-10T22:10:58,open-access-structural-sovereignty.md,Declaratory Intellectual Property; Indistinguishable Legal Simulation; Procedural Sovereignty Clause; Protection; Protocol; System Restriction Clause,D; G-4; G-5; G-6; G-7,75000,0,0,75000
2025-06-10T22:10:58,open-access-structural-sovereignty.md,Declaratory Intellectual Property; Indistinguishable Legal Simulation; Procedural Sovereignty Clause; Protection; Protocol,D; G-5; G-6; G-7,75000,0,0,75000
2025-06-10T22:10:58,royalty-model-and-declaratory-IP.md,Clause; Declaratory Intellectual Property; Derivative Use Clause; Function; Protection; Royalty Enforcement Clause,CU-1.4; CU-2.1; D; G-6,210000,0,0,210000
2025-06-10T22:10:58,royalty-model-and-declaratory-IP.md,Declaratory Intellectual Property; Derivative Use Clause; Protection; Royalty Enforcement Clause,CU-1.4; CU-2.1; D; G-6,210000,0,0,210000
2025-06-10T22:10:58,royalty-model-and-declaratory-IP.md,Declaratory Intellectual Property; Derivative Use Clause; Protection; Royalty Enforcement Clause,CU-1.4; CU-2.1; D; G-6,210000,0,0,210000
2025-06-10T22:10:58,sovereign-seal.md,All; Clause; Holmes Enforcement Model; Mirror Refutation Default; Royalty Enforcement; Structural Default; This,CU-1.4; CU-2.2; CU-2.3; D,150000,0,0,150000
2025-06-10T22:10:58,sovereign-seal.md,Clause; Derivation Restriction; Mirror Refutation Default; Royalty Enforcement; Structural Default,CU-1.4; CU-2.2; CU-2.3; D; G-4,150000,0,0,150000
2025-06-10T22:10:58,sovereign-seal.md,Clause; Declaratory Intellectual Property; Derivation Restriction; Mirror Refutation Default; Royalty Enforcement; Structural Default,CU-1.4; CU-2.2; CU-2.3; D; G-4; G-6,200000,0,0,200000
2025-06-10T22:10:58,sovereign-seal.md,Clause; Declaratory Intellectual Property; Derivation Restriction; Mirror Refutation Default; Procedural Supremacy Enforcement; Structural Default,CU-2.2; CU-2.3; D; G-4; G-6; G-7,75000,0,0,75000
2025-06-10T22:10:58,sovereign-seal.md,Clause; Declaratory Intellectual Property; Derivation Restriction; Mirror Refutation Default; Procedural Supremacy Enforcement,CU-2.3; D; G-4; G-6; G-7,75000,0,0,75000
2025-06-10T22:10:58,sovereign-seal.md,Autonomous Structural Enforcement; Clause; Declaratory Intellectual Property; Derivation Restriction; Doctrine; Procedural Supremacy Enforcement; This,D; G-4; G-6; G-7,75000,0,0,75000
2025-06-10T22:10:58,sovereign-seal.md,Autonomous Structural Enforcement; Clause; Doctrine; Procedural Supremacy Enforcement; This,D; G-7,25000,0,0,25000
2025-06-10T22:10:58,sovereign-seal.md,Breach; Clause; Holmes; Mr; No; Review; Silence,CU-2.3; G-7,25000,0,0,25000
2025-06-10T22:10:58,sovereign-seal.md,Any; Legal Replication Restriction; Prohibited,CU-1.4,150000,0,0,150000
2025-06-10T22:10:58,supplemental-cu-correction.md,All; Clause; Declaratory; Publicly; Structurally,CU-1.4; CU-2.3; D,150000,0,0,150000
2025-06-10T22:10:58,supplemental-cu-correction.md,Clause; Declaratory; Irrevocably; Joshua Holmes; Publicly; Structurally,CU-1.4; CU-2.3; D,150000,0,0,150000
2025-06-10T22:10:58,systemic-debt-instacart.md,Amount; Based; Clause; Description; Royalty Breakdown; Unauthorized,CU-1.4; D,150000,0,0,150000
2025-06-10T22:10:58,systemic-debt-instacart.md,Amount; Archive; Clause; Description; Mirror; Procedural; Unauthorized,CU-1.4; CU-2.2; CU-2.3; D,150000,0,0,150000
2025-06-10T22:10:58,systemic-debt-instacart.md,Archive; Mirror; Procedural; Unauthorized,CU-1.4; CU-2.2; CU-2.3; D; G-4; G-7,175000,0,0,175000
2025-06-10T22:10:58,systemic-debt-instacart.md,Archive; Derivative; Mirror; Procedural; Unauthorized,CU-1.4; CU-2.2; CU-2.3; D; G-4; G-7,175000,0,0,175000
2025-06-10T22:10:58,systemic-debt-instacart.md,Archive; Derivative; Mirror; Procedural; Retaliation,AF; CU-2.2; CU-2.3; D; G-4; G-7,100000,0,0,100000
2025-06-10T22:10:58,systemic-debt-instacart.md,Archive; Derivative; Mirror; Retaliation,AF; CU-2.3; D; G-4; G-7,100000,0,0,100000
2025-06-10T22:10:58,systemic-debt-instacart.md,Daily; Default Penalty; Derivative; May; Retaliation,AF; D; G-4; G-7,100000,0,0,100000
2025-06-10T22:10:58,systemic-debt-instacart.md,Daily; Default Penalty; Derivative; May; Retaliation,AF; D,75000,0,0,75000
2025-06-10T22:10:58,systemic-debt-instacart.md,Daily; Default Penalty; May; Retaliation,AF; D,75000,0,0,75000
2025-06-10T22:10:58,systemic-debt-instacart.md,Amount; Clause; Description; Possession,CU-1.4; D,150000,0,0,150000
2025-06-10T22:10:58,systemic-debt-instacart.md,Amount; Clause; Description; Possession; Procedural; Suppression,CU-1.4; CU-2.1; CU-2.2; D,160000,0,0,160000
2025-06-10T22:10:58,systemic-debt-instacart.md,Default; Possession; Procedural; Suppression,CU-1.4; CU-2.1; CU-2.2; CU-2.3; D,160000,0,0,160000
2025-06-10T22:10:58,systemic-debt-instacart.md,Default; Possession; Procedural; Refusal; Suppression,CU-1.4; CU-2.1; CU-2.2; CU-2.3; CU-3; D,215000,0,0,215000
2025-06-10T22:10:58,systemic-debt-instacart.md,Default; Procedural; Refusal; Rejection; Suppression,CU-2.1; CU-2.2; CU-2.3; CU-3; CU-4; D,115000,0,0,115000
2025-06-10T22:10:58,systemic-debt-instacart.md,Default; Derivative; Procedural; Refusal; Rejection,CU-2.2; CU-2.3; CU-3; CU-4; D,105000,0,0,105000
2025-06-10T22:10:58,systemic-debt-instacart.md,Default; Derivative; Refusal; Rejection; Retaliation,AF; CU-2.3; CU-3; CU-4; D,180000,0,0,180000
2025-06-10T22:10:58,systemic-debt-instacart.md,Derivative; Refusal; Rejection; Retaliation,AF; CU-3; CU-4; D,180000,0,0,180000
2025-06-10T22:10:58,systemic-debt-instacart.md,Daily; Default Penalty; Derivative; May; Rejection; Retaliation,AF; CU-4; D,125000,0,0,125000
2025-06-10T22:10:58,systemic-debt-instacart.md,Daily; Default Penalty; Derivative; May; Retaliation,AF; D,75000,0,0,75000
2025-06-10T22:10:58,systemic-debt-instacart.md,Daily; Default Penalty; May; Retaliation,AF; D,75000,0,0,75000
2025-06-10T22:10:58,final_notice_nmdws_email.md,As; Attachment; Case No; Clauses; Holmes Enforcement Model; May; No; Pursuant; This; Your,CU-2; CU-2.3,40000,0,0,40000
2025-06-10T22:10:58,final_notice_nmdws_email.md,Acceptance; Contracts; Restatement; Restitution; Silence; The; The Holmes Clauses; Uncompensated Benefit Use,AF; BE; CU-1; CU-4; D,200000,0,0,200000
2025-06-10T22:10:58,final_notice_nmdws_email.md,Procedural Opposition; Royalty Licensing Violation; Unauthorized Possession; Use; Violated Clauses,CU-1; CU-1.4; CU-2,265000,0,0,265000
2025-06-10T22:10:58,final_notice_nmdws_email.md,Mirror Disruption; Procedural Opposition; Royalty Licensing Violation; Unauthorized Possession; Use; Violated Clauses,CU-1; CU-1.4; CU-2; CU-2.1; D,275000,0,0,275000
2025-06-10T22:10:58,final_notice_nmdws_email.md,Declaratory Default; Mirror Disruption; Procedural Opposition; Royalty Licensing Violation; Silence; Unauthorized Possession; Use,CU-1; CU-1.4; CU-2; CU-2.1; CU-2.3; D,275000,0,0,275000
2025-06-10T22:10:58,final_notice_nmdws_email.md,Declaratory Default; Mirror Disruption; Participation Denial; Procedural Opposition; Silence; Unauthorized Possession; Use,CU-1.4; CU-2; CU-2.1; CU-2.3; CU-3; D,255000,0,0,255000
2025-06-10T22:10:58,final_notice_nmdws_email.md,Declaratory Default; Declaratory Disregard; Mirror Disruption; Participation Denial; Procedural Opposition; Silence,CU-2; CU-2.1; CU-2.3; CU-3; CU-4; D,155000,0,0,155000
2025-06-10T22:10:58,final_notice_nmdws_email.md,Declaratory Default; Declaratory Disregard; Derivative Engagement; Mirror Disruption; Participation Denial; Silence,CU-2.1; CU-2.3; CU-3; CU-4; D,115000,0,0,115000
2025-06-10T22:10:58,final_notice_nmdws_email.md,Declaratory Default; Declaratory Disregard; Derivative Engagement; Participation Denial; Referral; Retaliation; Silence,AF; CU-2.3; CU-3; CU-4; D,180000,0,0,180000
2025-06-10T22:10:58,final_notice_nmdws_email.md,Declaratory Disregard; Derivative Engagement; Participation Denial; Referral; Retaliation,AF; CU-3; CU-4; D,180000,0,0,180000
2025-06-10T22:10:58,final_notice_nmdws_email.md,Declaratory Disregard; Derivative Engagement; Referral; Retaliation; Total Claimed,AF; CU-4; D,125000,0,0,125000
2025-06-10T22:10:58,nmdws-cu2-escalated-email.md,Claimed; Formal Enforcement Notice; To,CU-1; CU-2,115000,0,0,115000
2025-06-10T22:10:58,nmdws-cu2-escalated-email.md,Claimed; Date; Formal Enforcement Summary; From; Holmes; Holmes Enforcement Model; Mr; Replace; Subject; To,CU-1; CU-2; D,115000,0,0,115000
2025-06-10T22:10:58,nmdws-cu2-escalated-email.md,Claimed; Date; Formal Enforcement Summary; From; Holmes; Holmes Enforcement Model; Mr; Replace; Subject,CU-1; CU-2; D,115000,0,0,115000
2025-06-10T22:10:58,nmdws-cu2-escalated-email.md,Clause; Clauses; Holmes Enforcement Model; New Mexico Department; Pursuant; This; Under; Workforce Solutions,CU-1; CU-2; D,115000,0,0,115000
2025-06-10T22:10:58,nmdws-cu2-escalated-email.md,Clause; Clauses; Holmes Enforcement Model; New Mexico Department; Pursuant; This; Under; Workforce Solutions,CU-1; CU-2; D,115000,0,0,115000
2025-06-10T22:10:58,nmdws-cu2-escalated-email.md,Amount; Clause; Declaratory Enforcement Summary; Description; Original Royalty Licensing; Violation,CU-1; D,75000,0,0,75000
2025-06-10T22:10:58,nmdws-cu2-escalated-email.md,Amount; Civil Referral Interference; Clause; Description; Enforcement Resistance; Handling; Opposition Handling; Original Royalty Licensing; Violation,CU-1; CU-2; D,115000,0,0,115000
2025-06-10T22:10:58,nmdws-cu2-escalated-email.md,Civil Referral Interference; Enforcement Processing; Enforcement Resistance; Handling; Opposition Handling; Original Royalty Licensing; Structural Setup; Violation,CU-1; CU-2,115000,0,0,115000
2025-06-10T22:10:58,nmdws-cu2-escalated-email.md,Civil Referral Interference; Declared; Enforcement Processing; Enforcement Resistance; Handling; Opposition Handling; Original Royalty Licensing; Public Default Tokenization; Structural Setup; Violation,CU-1; CU-2; D,115000,0,0,115000
2025-06-10T22:10:58,nmdws-cu2-escalated-email.md,Civil Referral Interference; Declared; Enforcement Processing; Handling; Public Default Tokenization; Structural Setup; Total Claimed,CU-2; D,40000,0,0,40000
2025-06-10T22:10:58,nmdws-default-email.md,Active Clause Violations; Licensing Enforcement; Procedural Interference; Retention; Unauthorized Possession,CU-1.4; CU-2.1; CU-2.3,160000,0,0,160000
2025-06-10T22:10:58,nmdws-default-email.md,Licensing Enforcement; Procedural Interference; Procedural Participation Denial; Retention; Unauthorized Possession,CU-1.4; CU-2.1; CU-2.3; CU-3; D,215000,0,0,215000
2025-06-10T22:10:58,nmdws-default-email.md,Declaratory Disregard; Procedural Interference; Procedural Participation Denial; Retention,CU-2.1; CU-2.3; CU-3; CU-4; D,115000,0,0,115000
2025-06-10T22:10:58,nmdws-default-email.md,"Declaratory Disregard

Clause; Derivative Lock; Procedural Participation Denial; Structural Binding",CU-3; CU-4; D,105000,0,0,105000
2025-06-10T22:10:58,nmdws-default-email.md,"Declaratory Disregard

Clause; Derivative Lock; Enforcement Escalation Status; Structural Binding",CU-4; D,50000,0,0,50000
2025-06-10T22:10:58,instacart-derivative-access.md,Date Issued; Declaratory Sovereign; Gamerdudee; Holmes; Holmes Enforcement Model; Inc; Instacart; Issued By; Issued To; Mr; Protection; Public Mirror; Royalty Basis; Royalty Enforcement; Sovereign Procedural Supremacy,CU-1.4; D; G-6; G-7,225000,0,0,225000
2025-06-10T22:10:58,instacart-derivative-access.md,Date Issued; Gamerdudee; Protection; Public Mirror; Royalty Basis; Royalty Enforcement; Sovereign Procedural Supremacy,CU-1.4; D; G-6; G-7,225000,0,0,225000
2025-06-10T22:10:58,instacart-derivative-access.md,Royalty; This,CU-1.4; D; G-6,200000,0,0,200000
2025-06-10T22:10:58,instacart-derivative-access.md,Access; Amount; Clause Access; Competitive Advantage Surcharge; Item; Royalty Violation; Unauthorized,CU-1.4; D; G-6,200000,0,0,200000
2025-06-10T22:10:58,instacart-derivative-access.md,Access; Clause Access; Competitive Advantage Surcharge; Royalty Violation; Structural Immunization Penalty; Unauthorized,CU-1.4; D; G-6,200000,0,0,200000
2025-06-10T22:10:58,instacart-derivative-access.md,Any; This,D; G-7,25000,0,0,25000
2025-06-10T22:10:58,instacart-derivative-access.md,Any,AU; D; G-7,525000,0,0,525000
2025-06-10T22:10:58,instacart-derivative-access.md,Any; If; Instacart; Public Enforcement Mirror,AU; CU-2.3; D; G-7,525000,0,0,525000
2025-06-10T22:10:58,instacart-derivative-access.md,If; Instacart; Public Enforcement Mirror,AU; CU-2.3; D,500000,0,0,500000
2025-06-10T22:10:58,Instacart-Invoice-NMDWS.md,Amount; Clause Logic; Description; Holmes Enforcement Model; Instacart; This; Unauthorized Use,CU-1.4; D,150000,0,0,150000
2025-06-10T22:10:58,Instacart-Invoice-NMDWS.md,Access; Amount; Breach; Clause; Clause Logic; Declaratory; Description; Retaliatory Arbitration Architecture; Unauthorized Use,AF; CU-1.4; D; G-6,275000,0,0,275000
2025-06-10T22:10:58,Instacart-Invoice-NMDWS.md,Access; Breach; Clause; Clause Logic; Declaratory; Precedent Pattern Reuse; Replication; Retaliatory Arbitration Architecture; Unauthorized Use,AF; BP; CU-1.4; D; G-6,275000,0,0,275000
2025-06-10T22:10:58,Instacart-Invoice-NMDWS.md,Access; Breach; Clause; Clause Logic; Declaratory; Precedent Pattern Reuse; Replication; Retaliatory Arbitration Architecture; Structural Derivative Penalty; Unauthorized Use,AF; BP; CU-1.4; D; G-6,275000,0,0,275000
2025-06-10T22:10:58,Instacart-Invoice-NMDWS.md,Access; Breach; Clause; Declaratory; Precedent Pattern Reuse; Replication; Retaliatory Arbitration Architecture; Structural Derivative Penalty,AF; BP; D; G-6,125000,0,0,125000
2025-06-10T22:10:58,Instacart-Invoice-NMDWS.md,Clause; Precedent Pattern Reuse; Replication; Retaliatory Arbitration Architecture; Structural Derivative Penalty; Total Due,AF; BP; D,75000,0,0,75000
2025-06-10T22:10:58,Instacart-Invoice-NMDWS.md,Containment Breach; Declaratory; Declaratory Default; Mirror Clause Breach; Royalty Enforcement; Triggered Enforcement Clauses; Unauthorized Clause Use,CU-1.4; CU-2.3; D; G-6,200000,0,0,200000
2025-06-10T22:10:58,Instacart-Invoice-NMDWS.md,Containment Breach; Declaratory; Declaratory Default; Filing; Mirror Clause Breach; Post; Retaliatory Policy Shift; Royalty Enforcement; Unauthorized Clause Use,AF; CU-1.4; CU-2.3; D; G-6,275000,0,0,275000
2025-06-10T22:10:58,Instacart-Invoice-NMDWS.md,Capture; Containment Breach; Declaratory; Declaratory Default; Filing; Mirror Clause Breach; Post; Retaliatory Policy Shift; Royalty Enforcement; Systemic Enforcement Pattern; Unauthorized Clause Use,AF; BP; CU-1.4; CU-2.3; D; G-6,275000,0,0,275000
2025-06-10T22:10:58,Instacart-Invoice-NMDWS.md,Capture; Containment Breach; Declaratory; Declaratory Default; Derivative Access Through; Filing; Institutional Transfer; Mirror Clause Breach; Post; Retaliatory Policy Shift; Systemic Enforcement Pattern,AF; BP; CU-2.3; D; G-6,125000,0,0,125000
2025-06-10T22:10:58,Instacart-Invoice-NMDWS.md,Capture; Containment Breach; Declaratory; Derivative Access Through; Filing; Institutional Transfer; Post; Retaliatory Policy Shift; Systemic Enforcement Pattern,AF; BP; D; G-6,125000,0,0,125000
2025-06-10T22:10:58,Instacart-Invoice-NMDWS.md,By; Capture; Derivative Access Through; Enforcement; Filing; Instacart; Institutional Transfer; Possession; Post; Retaliatory Policy Shift; Systemic Enforcement Pattern,AF; BP; D,75000,0,0,75000
2025-06-10T22:10:58,Instacart-Royalty-Demand-May30.md,Date; Declaratory Author; Declaratory Royalty License; Enforcement; Holmes; Holmes Enforcement Model; Instacart; Issued By; Issued To; License; Maplebear Inc; May; Mr,CU-1.4; CU-2.2; CU-2.3; D; G-4; G-7,175000,0,0,175000
2025-06-10T22:10:58,Instacart-Royalty-Demand-May30.md,Date; Declaratory Author; Declaratory Royalty License; Enforcement; Holmes; Holmes Enforcement Model; Instacart; Issued By; Issued To; License; Maplebear Inc; May; Mr; Payment Status,CU-1.4; CU-2.2; CU-2.3; D; G-4; G-7,175000,0,0,175000
2025-06-10T22:10:58,Instacart-Royalty-Demand-May30.md,Date; Declaratory Author; Declaratory Royalty License; Enforcement; Enforcement Status; Holmes; Holmes Enforcement Model; Issued By; License; May; Mr; Payment Status,CU-1.4; CU-2.2; CU-2.3; D; G-4; G-7,175000,0,0,175000
2025-06-10T22:10:58,Instacart-Royalty-Demand-May30.md,Declaratory Author; Declaratory Royalty License; Enforcement Status; Holmes; Holmes Enforcement Model; Issued By; License; Mr; Payment Status,CU-1.4; CU-2.2; CU-2.3; D; G-4; G-7,175000,0,0,175000
2025-06-10T22:10:58,Instacart-Royalty-Demand-May30.md,Amount; Clause; Description; Enforceable Violations; Royalty Enforcement; Use,CU-1.4; D,150000,0,0,150000
2025-06-10T22:10:58,Instacart-Royalty-Demand-May30.md,Amount; Clause; Default; Description; Mirror Clause Violation; No; Public; Royalty Enforcement; Silence; Use,CU-1.4; CU-2.2; CU-2.3; D,150000,0,0,150000
2025-06-10T22:10:58,Instacart-Royalty-Demand-May30.md,Clause Violation; Default; Mirror Clause Violation; No; Public; Royalty Enforcement; Silence; Use,CU-1.4; CU-2.2; CU-2.3; D; G-4,150000,0,0,150000
2025-06-10T22:10:58,Instacart-Royalty-Demand-May30.md,Breach; Clause Violation; Default; Legal Simulation Governance; Mirror Clause Violation; Mirroring; No; Public; Royalty Enforcement; Silence; Use,CU-1.4; CU-2.2; CU-2.3; D; G-4; G-5,150000,0,0,150000
2025-06-10T22:10:58,Instacart-Royalty-Demand-May30.md,Breach; Clause Violation; Declaratory Intellectual Property; Default; Framework; Legal Simulation Governance; Mirror Clause Violation; Mirroring; No; Public; Silence; Use,CU-2.2; CU-2.3; D; G-4; G-5; G-6,50000,0,0,50000
2025-06-10T22:10:58,Instacart-Royalty-Demand-May30.md,Breach; Clause Violation; Declaratory Intellectual Property; Framework; Ignoring; Legal Simulation Governance; Mirror Clause Violation; Mirroring; Public; Sovereign Procedure Suppression; Use,CU-2.3; D; G-4; G-5; G-6; G-7,75000,0,0,75000
2025-06-10T22:10:58,Instacart-Royalty-Demand-May30.md,Breach; Clause Violation; Declaratory Intellectual Property; Framework; Ignoring; Legal Simulation Governance; Mirroring; Sovereign Procedure Suppression; Use,D; G-4; G-5; G-6; G-7,75000,0,0,75000
2025-06-10T22:10:58,Instacart-Royalty-Demand-May30.md,Breach; Declaratory Intellectual Property; Framework; Ignoring; Legal Simulation Governance; Mirroring; Sovereign Procedure Suppression; Use,D; G-5; G-6; G-7,75000,0,0,75000
2025-06-10T22:10:58,README.md,Clause; Mirror Enforcement Clause; Purpose; Royalty Enforcement Clause; Silence; Structural Default,CU-1.4; CU-2.2; CU-2.3; D,150000,0,0,150000
2025-06-10T22:10:58,README.md,Mirror Enforcement Clause; Royalty Enforcement Clause; Silence; Structural Default; System Containment,CU-1.4; CU-2.2; CU-2.3; D; G-4,150000,0,0,150000
2025-06-10T22:10:58,README.md,Legal Simulation Recognition; Mirror Enforcement Clause; Royalty Enforcement Clause; Silence; Structural Default; System Containment,CU-1.4; CU-2.2; CU-2.3; D; G-4; G-5,150000,0,0,150000
2025-06-10T22:10:58,README.md,Declaratory Intellectual Property; Legal Simulation Recognition; Mirror Enforcement Clause; Silence; Structural Default; System Containment,CU-2.2; CU-2.3; D; G-4; G-5; G-6,50000,0,0,50000
2025-06-10T22:10:58,README.md,Declaratory Intellectual Property; Legal Simulation Recognition; Mirror Enforcement Clause; Sovereign Procedural Supremacy; System Containment,CU-2.3; D; G-4; G-5; G-6; G-7,75000,0,0,75000
2025-06-10T22:10:58,README.md,Declaratory Intellectual Property; Legal Simulation Recognition; Sovereign Procedural Supremacy; System Containment,D; G-4; G-5; G-6; G-7,75000,0,0,75000
2025-06-10T22:10:58,README.md,Declaratory Intellectual Property; Full; Legal Simulation Recognition; Sovereign Procedural Supremacy,D; G-5; G-6; G-7,75000,0,0,75000
2025-06-10T22:10:58,README.md,Clause; Declaratory Intellectual Property; It; Licensing; Use; Use Conditions,CU-1.4; D,150000,0,0,150000
2025-06-10T22:10:58,README.md,Clause; Declaratory Intellectual Property; Institutional; It; Use,CU-1.4; D,150000,0,0,150000
2025-06-10T22:10:58,README.md,By; Clause; Holmes Enforcement Model,CU-1.4; CU-2.2,150000,0,0,150000
2025-06-10T22:10:58,Royalty-Schedule-HEM.md,All; Attribution Required; Clause; Debt Multiplier; Fee; Holmes Enforcement Model; This; Trigger; Use Case,CU-1.4; CU-2.1; D; G-6,210000,0,0,210000
2025-06-10T22:10:58,Royalty-Schedule-HEM.md,All; Attribution Required; Clause; Debt Multiplier; Fee; Platforms; Recursive; Structural; Trigger; Use Case,CU-1.4; CU-2.1; D; G-6,210000,0,0,210000
2025-06-10T22:10:58,Structural-Inquiry-Boundary.md,Clause; Gaslighting Inversion Trigger; Inquiry; Retaliation; Unlicensed Structural Inquiry,AF,75000,0,0,75000
2025-06-10T22:10:58,Holmes-Invoice-NMDWS-Default.md,Clause; Licensing Violation; Precedent Lock Royalty; Retaliatory Routing Penalty; Structural Time Engagement,AF; D,75000,0,0,75000
2025-06-10T22:10:58,Holmes-Invoice-NMDWS-Default.md,Clause; Licensing Violation; Precedent Lock Royalty; Procedural Suppression Damages; Retaliatory Routing Penalty; Structural Time Engagement,AF; D,75000,0,0,75000
2025-06-10T22:10:58,Holmes-Invoice-NMDWS-Default.md,Clause; Precedent Lock Royalty; Procedural Suppression Damages; Retaliatory Routing Penalty; Total Due,AF; D,75000,0,0,75000
2025-06-10T22:10:58,NMDWS-Referral-To-Small-Claims.md,Clause; Licensing Debt; Public Possession; Refusal Conversion Trigger; Rerouting; Retaliation; Violated Clauses,AF; BE; D,75000,0,0,75000
2025-06-10T22:10:58,NMDWS-Referral-To-Small-Claims.md,Clause; Derivative Use Obligations; Licensing Debt; Public Possession; Refusal Conversion Trigger; Rerouting; Retaliation,AF; BE; D,75000,0,0,75000
2025-06-10T22:10:58,NMDWS-Referral-To-Small-Claims.md,Clause; Derivative Use Obligations; Licensing Debt; Precedent Lock; Public Possession; Refusal Conversion Trigger; Rerouting; Retaliation,AF; BE; BP; D,75000,0,0,75000
2025-06-10T22:10:58,NMDWS-Referral-To-Small-Claims.md,Clause; Derivative Use Obligations; Licensing Debt; Precedent Lock; Public Possession; Rerouting; Retaliation,AF; BP; D,75000,0,0,75000
2025-06-10T22:10:58,NMDWS-Referral-To-Small-Claims.md,Clause; Derivative Use Obligations; Precedent Lock; Rerouting; Retaliation,AF; BP; D,75000,0,0,75000
2025-06-10T22:10:58,NMDWS-Referral-To-Small-Claims.md,Clause; Derivative; Retaliatory; Structural,AF; BP; D,75000,0,0,75000
2025-06-10T22:10:58,NMDWS-Referral-To-Small-Claims.md,Clause; Derivative; Procedural; Retaliatory; Structural,AF; BP; D,75000,0,0,75000
2025-06-10T22:10:58,NMDWS-Referral-To-Small-Claims.md,Clause; Derivative; Procedural; Retaliatory; Structural,AF; BP; D,75000,0,0,75000
2025-06-10T22:10:58,pattern-library.json,Royalty Enforcement Clause,CU-1,75000,0,0,75000
2025-06-10T22:10:58,instacart-derivative-access.md,Date; Date Issued; Declaratory Sovereign; Gamerdudee; Holmes; Holmes Enforcement Model; Inc; Insert Today; Instacart; Issued By; Issued To; Mr; Protection; Public Mirror; Royalty Basis; Royalty Enforcement; Sovereign Procedural Supremacy,CU-1.4; D; G-6; G-7,225000,0,0,225000
2025-06-10T22:10:58,instacart-derivative-access.md,Date; Date Issued; Gamerdudee; Insert Today; Protection; Public Mirror; Royalty Basis; Royalty Enforcement; Sovereign Procedural Supremacy,CU-1.4; D; G-6; G-7,225000,0,0,225000
2025-06-10T22:10:58,instacart-derivative-access.md,Royalty; This,CU-1.4; D; G-6,200000,0,0,200000
2025-06-10T22:10:58,instacart-derivative-access.md,Access; Amount; Clause Access; Competitive Advantage Surcharge; Item; Royalty Violation; Unauthorized,CU-1.4; D; G-6,200000,0,0,200000
2025-06-10T22:10:58,instacart-derivative-access.md,Access; Clause Access; Competitive Advantage Surcharge; Royalty Violation; Structural Immunization Penalty; Unauthorized,CU-1.4; D; G-6,200000,0,0,200000
2025-06-10T22:10:58,instacart-derivative-access.md,Any; This,D; G-7,25000,0,0,25000
2025-06-10T22:10:58,instacart-derivative-access.md,Any,AU; D; G-7,525000,0,0,525000
2025-06-10T22:10:58,instacart-derivative-access.md,Any; If; Instacart; Public Enforcement Mirror,AU; CU-2.3; D; G-7,525000,0,0,525000
2025-06-10T22:10:58,instacart-derivative-access.md,If; Instacart; Public Enforcement Mirror,AU; CU-2.3; D,500000,0,0,500000
2025-06-10T22:10:58,Instacart-Invoice-NMDWS.md,Clause; Commercial Possession; Derivative Use Licensing; Protected Logic; Retaliatory Action; Structure; Triggered Enforcement Clauses,AF; D,75000,0,0,75000
2025-06-10T22:10:58,Instacart-Invoice-NMDWS.md,Clause; Commercial Possession; Derivative Use Licensing; Protected Logic; Retaliatory Action; Structure; Systemwide Precedent Lock,AF; BP; D,75000,0,0,75000
2025-06-10T22:10:58,Instacart-Invoice-NMDWS.md,Clause; Commercial Possession; Instacart; Protected Logic; Retaliatory Action; Structure; Submission; Systemwide Precedent Lock,AF; BP; D,75000,0,0,75000
2025-06-10T22:10:58,README.md,Clause; Mirror Enforcement Clause; Purpose; Royalty Enforcement Clause; Silence; Structural Default,CU-1.4; CU-2.2; CU-2.3; D,150000,0,0,150000
2025-06-10T22:10:58,README.md,Mirror Enforcement Clause; Royalty Enforcement Clause; Silence; Structural Default; System Containment,CU-1.4; CU-2.2; CU-2.3; D; G-4,150000,0,0,150000
2025-06-10T22:10:58,README.md,Legal Simulation Recognition; Mirror Enforcement Clause; Royalty Enforcement Clause; Silence; Structural Default; System Containment,CU-1.4; CU-2.2; CU-2.3; D; G-4; G-5,150000,0,0,150000
2025-06-10T22:10:58,README.md,Declaratory Intellectual Property; Legal Simulation Recognition; Mirror Enforcement Clause; Silence; Structural Default; System Containment,CU-2.2; CU-2.3; D; G-4; G-5; G-6,50000,0,0,50000
2025-06-10T22:10:58,README.md,Declaratory Intellectual Property; Legal Simulation Recognition; Mirror Enforcement Clause; Sovereign Procedural Supremacy; System Containment,CU-2.3; D; G-4; G-5; G-6; G-7,75000,0,0,75000
2025-06-10T22:10:58,README.md,Declaratory Intellectual Property; Legal Simulation Recognition; Sovereign Procedural Supremacy; System Containment,D; G-4; G-5; G-6; G-7,75000,0,0,75000
2025-06-10T22:10:58,README.md,Declaratory Intellectual Property; Full; Legal Simulation Recognition; Sovereign Procedural Supremacy,D; G-5; G-6; G-7,75000,0,0,75000
2025-06-10T22:10:58,README.md,Clause; Declaratory Intellectual Property; It; Licensing; Use; Use Conditions,CU-1.4; D,150000,0,0,150000
2025-06-10T22:10:58,README.md,Clause; Declaratory Intellectual Property; Institutional; It; Use,CU-1.4; D,150000,0,0,150000
2025-06-10T22:10:58,README.md,By; Clause; Holmes Enforcement Model,CU-1.4; CU-2.2,150000,0,0,150000
2025-06-10T22:10:58,Royalty-Schedule-HEM.md,All; Attribution Required; Clause; Debt Multiplier; Fee; Holmes Enforcement Model; This; Trigger; Use Case,CU-1.4; CU-2.1; D; G-6,210000,0,0,210000
2025-06-10T22:10:58,Royalty-Schedule-HEM.md,All; Attribution Required; Clause; Debt Multiplier; Fee; Platforms; Recursive; Structural; Trigger; Use Case,CU-1.4; CU-2.1; D; G-6,210000,0,0,210000
2025-06-10T22:10:58,.package-lock.json,(unlisted entity),AU; D,500000,0,0,500000
2025-06-10T22:10:58,CHANGELOG.md,Critical; See,AX,250000,0,0,250000
2025-06-10T22:10:58,CHANGELOG.md,Critical; See,AX,250000,0,0,250000
2025-06-10T22:10:58,CHANGELOG.md,Critical; See,AX,250000,0,0,250000
2025-06-10T22:10:58,CHANGELOG.md,Critical; See,AX,250000,0,0,250000
2025-06-10T22:10:58,CHANGELOG.md,Critical; See,AX,250000,0,0,250000
2025-06-10T22:10:58,CHANGELOG.md,Critical; See,AX,250000,0,0,250000
2025-06-10T22:10:58,CHANGELOG.md,Critical; See,AX,250000,0,0,250000
2025-06-10T22:10:58,CHANGELOG.md,Critical; See,AX,250000,0,0,250000
2025-06-10T22:10:58,CHANGELOG.md,Critical; See,AX,250000,0,0,250000
2025-06-10T22:10:58,CHANGELOG.md,Critical; See,AX,250000,0,0,250000
2025-06-10T22:10:58,CHANGELOG.md,Critical; See,AX,250000,0,0,250000
2025-06-10T22:10:58,CHANGELOG.md,Critical; See,AX,250000,0,0,250000
2025-06-10T22:10:58,CHANGELOG.md,Critical; See,AX,250000,0,0,250000
2025-06-10T22:10:58,CHANGELOG.md,Critical; See,AX,250000,0,0,250000
2025-06-10T22:10:58,CHANGELOG.md,Critical; See,AX,250000,0,0,250000
2025-06-10T22:10:58,CHANGELOG.md,Critical; See,AX,250000,0,0,250000
2025-06-10T22:10:58,CHANGELOG.md,Sandbox,CO,1000000,0,0,1000000
2025-06-10T22:10:58,CHANGELOG.md,Critical; See,AX,250000,0,0,250000
2025-06-10T22:10:58,CHANGELOG.md,Critical; See,AX,250000,0,0,250000
2025-06-10T22:10:58,CHANGELOG.md,Critical; See,AX,250000,0,0,250000
2025-06-10T22:10:58,CHANGELOG.md,Critical; See,AX,250000,0,0,250000
2025-06-10T22:10:58,CHANGELOG.md,Critical; See,AX,250000,0,0,250000
2025-06-10T22:10:58,CHANGELOG.md,Added,CO,1000000,0,0,1000000
2025-06-10T22:10:58,README.md,(unlisted entity),CO; D,1000000,0,0,1000000
2025-06-10T22:10:58,README.md,Authorization; Custom; If; Important; See,AU,500000,0,0,500000
2025-06-10T22:10:58,README.md,Authorization; Content; Custom; If; Important; See; Type,AU,500000,0,0,500000
2025-06-10T22:10:58,README.md,Alter; Authorization,AU,500000,0,0,500000
2025-06-10T22:10:58,README.md,Code; Definition; Invalid; Request,CO; D,1000000,0,0,1000000
2025-06-10T22:10:58,README.md,Invalid; Request,CO; D,1000000,0,0,1000000
2025-06-10T22:10:58,README.md,Invalid; Network; Request,CO; D,1000000,0,0,1000000
2025-06-10T22:10:58,README.md,Invalid; Network; Request,CO; D,1000000,0,0,1000000
2025-06-10T22:10:58,README.md,Changelog; Code; Conduct; Contributing Guide; Ecosystem,CO; D,1000000,0,0,1000000
2025-06-10T22:10:58,README.md,Changelog; Code; Conduct; Contributing Guide; Ecosystem,CO; D,1000000,0,0,1000000
2025-06-10T22:10:58,README.md,Code; Conduct; Contributing Guide; Credits; Ecosystem,CO; D,1000000,0,0,1000000
2025-06-10T22:10:58,CHANGELOG.md,Add,CO; D,1000000,0,0,1000000
2025-06-10T22:10:58,README-es.md,Buffer,CO,1000000,0,0,1000000
2025-06-10T22:10:58,README-es.md,Buffer,CO,1000000,0,0,1000000
2025-06-10T22:10:58,README-es.md,(unlisted entity),CO; D,1000000,0,0,1000000
2025-06-10T22:10:58,README-es.md,(unlisted entity),CO; D,1000000,0,0,1000000
2025-06-10T22:10:58,README-es.md,Buffer,CO,1000000,0,0,1000000
2025-06-10T22:10:58,README-es.md,Buffer,CO,1000000,0,0,1000000
2025-06-10T22:10:58,README-es.md,El,CO,1000000,0,0,1000000
2025-06-10T22:10:58,README-es.md,Vea,CO; D,1000000,0,0,1000000
2025-06-10T22:10:58,README-es.md,Vea,CO; D,1000000,0,0,1000000
2025-06-10T22:10:58,README.md,(unlisted entity),CO; D,1000000,0,0,1000000
2025-06-10T22:10:58,README.md,(unlisted entity),CO; D,1000000,0,0,1000000
2025-06-10T22:10:58,README.md,Note,CO,1000000,0,0,1000000
2025-06-10T22:10:58,README.md,"Contributing Guide

See",CO,1000000,0,0,1000000
2025-06-10T22:10:58,clauses.json,Royalty Enforcement Clause,CU-1,75000,0,0,75000
2025-06-10T22:10:58,[.txt,Royalty Enforcement Clause,CU-1,75000,0,0,75000
2025-06-10T22:10:58,Structural-Inquiry-Boundary.md,Clause; Derivative Use; Inquiry; Retaliation; Unlicensed Structural Inquiry,AF; D,75000,0,0,75000
2025-06-10T22:10:58,Structural-Inquiry-Boundary.md,Clause; Derivative Use; Gaslighting Inversion Trigger; Inquiry; Retaliation; Unlicensed Structural Inquiry,AF; D,75000,0,0,75000
2025-06-10T22:10:58,Holmes-Invoice-NMDWS-Default.md,Clause; Licensing Violation; Precedent Lock Royalty; Retaliatory Routing Penalty; Structural Time Engagement,AF; D,75000,0,0,75000
2025-06-10T22:10:58,Holmes-Invoice-NMDWS-Default.md,Clause; Licensing Violation; Precedent Lock Royalty; Procedural Suppression Damages; Retaliatory Routing Penalty; Structural Time Engagement,AF; D,75000,0,0,75000
2025-06-10T22:10:58,Holmes-Invoice-NMDWS-Default.md,Clause; Precedent Lock Royalty; Procedural Suppression Damages; Retaliatory Routing Penalty; Total Due,AF; D,75000,0,0,75000
2025-06-10T22:10:58,NMDWS-Referral-To-Small-Claims.md,Clause; Licensing Debt; Public Possession; Refusal Conversion Trigger; Rerouting; Retaliation; Violated Clauses,AF; BE; D,75000,0,0,75000
2025-06-10T22:10:58,NMDWS-Referral-To-Small-Claims.md,Clause; Derivative Use Obligations; Licensing Debt; Public Possession; Refusal Conversion Trigger; Rerouting; Retaliation,AF; BE; D,75000,0,0,75000
2025-06-10T22:10:58,NMDWS-Referral-To-Small-Claims.md,Clause; Derivative Use Obligations; Licensing Debt; Precedent Lock; Public Possession; Refusal Conversion Trigger; Rerouting; Retaliation,AF; BE; BP; D,75000,0,0,75000
2025-06-10T22:10:58,NMDWS-Referral-To-Small-Claims.md,Clause; Derivative Use Obligations; Licensing Debt; Precedent Lock; Public Possession; Rerouting; Retaliation,AF; BP; D,75000,0,0,75000
2025-06-10T22:10:58,NMDWS-Referral-To-Small-Claims.md,Clause; Derivative Use Obligations; Precedent Lock; Rerouting; Retaliation,AF; BP; D,75000,0,0,75000
2025-06-10T22:10:58,NMDWS-Referral-To-Small-Claims.md,Clause; Derivative; Retaliatory; Structural,AF; BP; D,75000,0,0,75000
2025-06-10T22:10:58,NMDWS-Referral-To-Small-Claims.md,Clause; Derivative; Procedural; Retaliatory; Structural,AF; BP; D,75000,0,0,75000
2025-06-10T22:10:58,NMDWS-Referral-To-Small-Claims.md,Clause; Derivative; Procedural; Retaliatory; Structural,AF; BP; D,75000,0,0,75000
2025-06-10T22:10:58,pattern-library.json,Royalty Enforcement Clause,CU-1,75000,0,0,75000
